<?xml version="1.0" encoding="UTF-8"?>
<beans xmlns="http://www.springframework.org/schema/beans"
	xmlns:xsi="http://www.w3.org/2001/XMLSchema-instance"
	xmlns:mybatis-spring="http://mybatis.org/schema/mybatis-spring"
	xmlns:context="http://www.springframework.org/schema/context"
	xsi:schemaLocation="http://mybatis.org/schema/mybatis-spring http://mybatis.org/schema/mybatis-spring-1.2.xsd
		http://www.springframework.org/schema/beans https://www.springframework.org/schema/beans/spring-beans.xsd
		http://www.springframework.org/schema/context http://www.springframework.org/schema/context/spring-context-4.3.xsd">

	<!-- Root Context: defines shared resources visible to all other web components -->
	<!-- 내가 추가한거 -->
	<!-- 커넥션 풀 - 아파치 - Commons DBCP 2.8.0 -->
	<bean id="dataSource"
		class="org.apache.commons.dbcp2.BasicDataSource"
		destroy-method="close">

		<property name="driverClassName" value="net.sf.log4jdbc.sql.jdbcapi.DriverSpy"></property>
		<property name="url" value="jdbc:log4jdbc:mysql://staff2303.cafe24.com/staff2303?zeroDateTimeBehavior=convertToNull"></property>
		<property name="username" value="staff2303" />
		<property name="password" value="staff7161" />
	</bean>

	<!-- 내가 추가한거 -->
	<!-- SQLSessionFactiory -->
	<bean id="sqlSessionFactory"
		class="org.mybatis.spring.SqlSessionFactoryBean">
		<property name="dataSource" ref="dataSource"></property>
	</bean>


	<!-- 내가 추가한거 -->
	<!-- mybatis - mapper 설정 -->
	<mybatis-spring:scan
		base-package="com.teamproject.spring.teamgg.mapper" /><!-- 패키지명에 맞게 수정 -->

	<!-- 내가 추가한거 -->
	<context:component-scan
		base-package="com.teamproject.spring.teamgg.service">
	</context:component-scan>

</beans>