<?xml version="1.0" encoding="UTF-8"?>
<!DOCTYPE mapper
	PUBLIC "-//mybatis.org//DTD Mapper 3.0//EN"
	"http://mybatis.org/dtd/mybatis-3-mapper.dtd">
<mapper namespace="com.teamproject.spring.teamgg.mapper.BoardMapper">

<!-- FreeBoard -->
	<select id="freeList" resultType="com.teamproject.spring.teamgg.vo.BoardVO">
		select * from ${@com.teamproject.spring.teamgg.vo.BoardVO@TABLE_NAME_FREE}
		ORDER BY f_idx DESC LIMIT #{page},20
	</select>
	
	<select id="freeRead" resultType="com.teamproject.spring.teamgg.vo.BoardVO">
		select * from free_board where f_idx = #{f_idx}
	</select>	
	
	<delete id="freeDel">
		delete from free_board where f_idx = #{f_idx}
	</delete>
		
	<insert id="freeWrite" parameterType="com.teamproject.spring.teamgg.vo.BoardVO"
	useGeneratedKeys="true" keyProperty="writeIdx">
		insert into free_board(f_title, f_id, f_user, f_content, f_date, f_view, f_vote)
    	values (#{f_title}, #{f_id}, #{f_user}, #{f_content}, now(), 0, 0)
	</insert>		
	
	<update id="freeModify">
		update free_board
		set f_title = #{f_title},
			f_content = #{f_content}
		where f_idx = #{f_idx} and f_id = #{f_id}
	</update>
	
	<select id="getTotalCountFree" resultType="int">
		select count(*) from ${@com.teamproject.spring.teamgg.vo.BoardVO@TABLE_NAME_FREE}
	</select>
	
	<update id="updateViewCountFree">
		update free_board
		set f_view = f_view + 1
		where f_idx = #{f_idx}
	</update>
	
	<select id="getVoteCountFree" resultType="int">
	select f_vote from free_board where f_idx = #{f_idx}
	</select>
	
	<update id="upVoteCountFree">
		update free_board
		set f_vote = f_vote + 1
		where f_idx = #{f_idx}
	</update>
	
	<update id="downVoteCountFree">
		update free_board
		set f_vote = f_vote - 1
		where f_idx = #{f_idx}
	</update>
	
	<select id="checkVoteFree" resultType="int">
		select count(*) from recommendation
		where m_id = #{m_id} and f_idx = #{f_idx} and vote = 1;
	</select>
	
	<update id="updateVoteFree">
		insert into recommendation (m_id, board_type, f_idx, vote)
		values (#{m_id}, 'free_board', #{f_idx}, 1);
	</update>
	
	<update id="cancelVoteFree">
		delete from recommendation
		where m_id = #{m_id} and f_idx = #{f_idx} and vote = 1;
	</update>
	
	<select id="bestList" resultType="com.teamproject.spring.teamgg.vo.BoardVO">
		SELECT * FROM (
		    SELECT 'free_board' as board_type, f_idx as b_idx, f_title as title, f_user as user, f_date as date, f_view as view, f_vote as vote FROM free_board WHERE f_vote > 0
		    UNION ALL
		    SELECT 'tip_board' as board_type, t_idx as b_idx, t_title as title, t_user as user, t_date as date, t_view as view, t_vote as vote FROM tip_board WHERE t_vote > 0
		    UNION ALL
		    SELECT 'comp_board' as board_type, c_idx as b_idx, c_title as title, c_user as user, c_date as date, c_view as view, c_vote as vote FROM comp_board WHERE c_vote > 0
		) as all_boards
		ORDER BY vote DESC;
	</select>
	
	<select id="searchPosts" parameterType="map" resultType="com.teamproject.spring.teamgg.vo.BoardVO">
	    SELECT * FROM free_board
	    <where>
	        <choose>
	            <when test="option == 'title_content'">
	                AND (f_title LIKE CONCAT('%', #{keyword}, '%') OR f_content LIKE CONCAT('%', #{keyword}, '%'))
	            </when>
	            <when test="option == 'title'">
	                AND f_title LIKE CONCAT('%', #{keyword}, '%')
	            </when>
	            <when test="option == 'content'">
	                AND f_content LIKE CONCAT('%', #{keyword}, '%')
	            </when>
	            <when test="option == 'author'">
	                AND f_writer LIKE CONCAT('%', #{keyword}, '%')
	            </when>
	        </choose>
	    </where>
	    ORDER BY f_idx DESC LIMIT #{page},20
	</select>
	
<!-- 	TipBoard -->
	<select id="tipList" resultType="com.teamproject.spring.teamgg.vo.BoardVO">
		select * from ${@com.teamproject.spring.teamgg.vo.BoardVO@TABLE_NAME_TIP}
		ORDER BY t_idx DESC LIMIT #{page},20
	</select>
	
	<select id="tipRead" resultType="com.teamproject.spring.teamgg.vo.BoardVO">
		select * from tip_board where t_idx = #{t_idx}
	</select>	
	
	<delete id="tipDel">
		delete from tip_board where t_idx = #{t_idx}
	</delete>
		
	<insert id="tipWrite" parameterType="com.teamproject.spring.teamgg.vo.BoardVO"
	useGeneratedKeys="true" keyProperty="writeIdx">
		insert into tip_board(t_title, t_id, t_user, t_content, t_date, t_view, t_vote)
    	values (#{t_title}, #{t_id}, #{t_user}, #{t_content}, now(), 0, 0)
	</insert>		
	
	<update id="tipModify">
		update tip_board
		set t_title = #{t_title},
			t_content = #{t_content}
		where t_idx = #{t_idx} and t_id = #{t_id}
	</update>
	
	<select id="getTotalCountTip" resultType="int">
		select count(*) from ${@com.teamproject.spring.teamgg.vo.BoardVO@TABLE_NAME_TIP}
	</select>
	
	<update id="updateViewCountTip">
		update tip_board
		set t_view = t_view + 1
		where t_idx = #{t_idx}
	</update>
	
		<select id="getVoteCountTip" resultType="int">
	select t_vote from tip_board where t_idx = #{t_idx}
	</select>
	
	<update id="upVoteCountTip">
		update tip_board
		set t_vote = t_vote + 1
		where t_idx = #{t_idx}
	</update>
	
	<update id="downVoteCountTip">
		update tip_board
		set t_vote = t_vote - 1
		where t_idx = #{t_idx}
	</update>
	
	<select id="checkVoteTip" resultType="int">
		select count(*) from recommendation
		where m_id = #{m_id} and t_idx = #{t_idx} and vote = 1;
	</select>
	
	<update id="updateVoteTip">
		insert into recommendation (m_id, board_type, t_idx, vote)
		values (#{m_id}, 'tip_board', #{t_idx}, 1);
	</update>
	
	<update id="cancelVoteTip">
		delete from recommendation
		where m_id = #{m_id} and t_idx = #{t_idx} and vote = 1;
	</update>
	
	<!-- 	CompBoard -->
	<select id="compList" resultType="com.teamproject.spring.teamgg.vo.BoardVO">
		select * from ${@com.teamproject.spring.teamgg.vo.BoardVO@TABLE_NAME_COMP}
		ORDER BY c_idx DESC LIMIT #{page},20
	</select>
	
	<select id="compRead" resultType="com.teamproject.spring.teamgg.vo.BoardVO">
		select * from comp_board where c_idx = #{c_idx}
	</select>	
	
	<delete id="compDel">
		delete from comp_board where c_idx = #{c_idx}
	</delete>
		
	<insert id="compWrite" parameterType="com.teamproject.spring.teamgg.vo.BoardVO"
	useGeneratedKeys="true" keyProperty="writeIdx">
		insert into comp_board(c_title, c_id, c_user, c_content, c_date, c_view, c_vote)
    	values (#{c_title}, #{c_id}, #{c_user}, #{c_content}, now(), 0, 0)
	</insert>		
	
	<update id="compModify">
		update comp_board
		set c_title = #{c_title},
			c_content = #{c_content}
		where c_idx = #{c_idx} and c_id = #{c_id}
	</update>
	
	<select id="getTotalCountComp" resultType="int">
		select count(*) from ${@com.teamproject.spring.teamgg.vo.BoardVO@TABLE_NAME_COMP}
	</select>
	
	<update id="updateViewCountComp">
		update comp_board
		set c_view = c_view + 1
		where c_idx = #{c_idx}
	</update>
	
		<select id="getVoteCountComp" resultType="int">
	select c_vote from comp_board where c_idx = #{c_idx}
	</select>
	
	<update id="upVoteCountComp">
		update comp_board
		set c_vote = c_vote + 1
		where c_idx = #{c_idx}
	</update>
	
	<update id="downVoteCountComp">
		update comp_board
		set c_vote = c_vote - 1
		where c_idx = #{c_idx}
	</update>
	
	<select id="checkVoteComp" resultType="int">
		select count(*) from recommendation
		where m_id = #{m_id} and c_idx = #{c_idx} and vote = 1;
	</select>
	
	<update id="updateVoteComp">
		insert into recommendation (m_id, board_type, c_idx, vote)
		values (#{m_id}, 'comp_board', #{c_idx}, 1);
	</update>
	
	<update id="cancelVoteComp">
		delete from recommendation
		where m_id = #{m_id} and c_idx = #{c_idx} and vote = 1;
	</update>
</mapper>