<?xml version="1.0" encoding="UTF-8"?>
<!DOCTYPE mapper
	PUBLIC "-//mybatis.org//DTD Mapper 3.0//EN"
	"http://mybatis.org/dtd/mybatis-3-mapper.dtd">
<mapper namespace="com.teamproject.spring.teamgg.mapper.CommentMapper">

<!-- 	Free -->
	<select id="fcList" parameterType="long" resultType="com.teamproject.spring.teamgg.vo.CommentVO">
	    select * from free_comment
	    where f_idx = #{f_idx}
	    order by fc_num
	</select>
	
	<delete id="fcDel">
		delete from free_comment where fc_idx = #{fc_idx}
	</delete>
	
	<insert id="fcWrite" parameterType="com.teamproject.spring.teamgg.vo.CommentVO">
		insert into free_comment
		(f_idx, fc_id, fc_user, fc_comment, fc_class, fc_group, fc_num, fc_date)
		values
		(#{f_idx}, #{fc_id}, #{fc_user}, #{fc_comment}, #{fc_class}, #{fc_group}, #{fc_num}, now())
	</insert>
	
	<update id="fcModify">
		update free_comment
		set fc_comment = #{fc_comment}
		where fc_idx = #{fc_idx} and fc_id = #{fc_id}
	</update>
	
	<select id="findLastFcGroupNum" parameterType="Long" resultType="Integer">
    select max(fc_group) from free_comment where f_idx = #{f_idx}
	</select>
	
	<select id="findLastFcNum" parameterType="map" resultType="Integer">
    select max(fc_num) from free_comment where f_idx = #{f_idx} and fc_group = #{fc_group}
	</select>
	
	<select id="getFcData" resultType="com.teamproject.spring.teamgg.vo.CommentVO">
	select * from free_comment where fc_idx = #{fc_idx}
	</select>	
	
	<select id="getWriterByFcIdx" resultType="String">
		select fc_id from free_comment where fc_idx = #{fc_idx}
	</select>
	
<!-- 	Tip -->
	<select id="tcList" parameterType="long" resultType="com.teamproject.spring.teamgg.vo.CommentVO">
	    select * from tip_comment
	    where t_idx = #{t_idx}
	    order by tc_num
	</select>
	
	<delete id="tcDel">
		delete from tip_comment where tc_idx = #{tc_idx}
	</delete>
	
	<insert id="tcWrite" parameterType="com.teamproject.spring.teamgg.vo.CommentVO">
		insert into tip_comment
		(t_idx, tc_id, tc_user, tc_comment, tc_class, tc_group, tc_num, tc_date)
		values
		(#{t_idx}, #{tc_id}, #{tc_user}, #{tc_comment}, #{tc_class}, #{tc_group}, #{tc_num}, now())
	</insert>
	
	<update id="tcModify">
		update tip_comment
		set tc_comment = #{tc_comment}
		where tc_idx = #{tc_idx} and tc_id = #{tc_id}
	</update>
	
	<select id="findLastTcGroupNum" parameterType="Long" resultType="Integer">
    select max(tc_group) from tip_comment where t_idx = #{t_idx}
	</select>
	
	<select id="findLastTcNum" parameterType="map" resultType="Integer">
    select max(tc_num) from tip_comment where t_idx = #{t_idx} and tc_group = #{tc_group}
	</select>
	
	<select id="getTcData" resultType="com.teamproject.spring.teamgg.vo.CommentVO">
	select * from tip_comment where tc_idx = #{tc_idx}
	</select>	
	
	<select id="getWriterByTcIdx" resultType="String">
		select tc_id from tip_comment where tc_idx = #{tc_idx}
	</select>
	
<!-- 	Comp -->
	<select id="ccList" parameterType="long" resultType="com.teamproject.spring.teamgg.vo.CommentVO">
	    select * from comp_comment
	    where c_idx = #{c_idx}
	    order by cc_num
	</select>
	
	<delete id="ccDel">
		delete from comp_comment where cc_idx = #{cc_idx}
	</delete>
	
	<insert id="ccWrite" parameterType="com.teamproject.spring.teamgg.vo.CommentVO">
		insert into comp_comment
		(c_idx, cc_id, cc_user, cc_comment, cc_class, cc_group, cc_num, cc_date)
		values
		(#{c_idx}, #{cc_id}, #{cc_user}, #{cc_comment}, #{cc_class}, #{cc_group}, #{cc_num}, now())
	</insert>
	
	<update id="ccModify">
		update comp_comment
		set cc_comment = #{cc_comment}
		where cc_idx = #{cc_idx} and cc_id = #{cc_id}
	</update>
	
	<select id="findLastCcGroupNum" parameterType="Long" resultType="Integer">
    select max(cc_group) from comp_comment where c_idx = #{c_idx}
	</select>
	
	<select id="findLastCcNum" parameterType="map" resultType="Integer">
    select max(cc_num) from comp_comment where c_idx = #{c_idx} and cc_group = #{cc_group}
	</select>
	
	<select id="getCcData" resultType="com.teamproject.spring.teamgg.vo.CommentVO">
	select * from comp_comment where cc_idx = #{cc_idx}
	</select>	
	
	<select id="getWriterByCcIdx" resultType="String">
		select cc_id from comp_comment where cc_idx = #{cc_idx}
	</select>
</mapper>