<?xml version="1.0" encoding="UTF-8"?>
<!DOCTYPE mapper
	PUBLIC "-//mybatis.org//DTD Mapper 3.0//EN"
	"http://mybatis.org/dtd/mybatis-3-mapper.dtd">
<mapper
	namespace="com.teamproject.spring.teamgg.mapper.MemberMapper">
	<!-- 회원가입 -->
	<select id="register">
		INSERT INTO member( m_id
		, m_pw
		, m_user
		, m_email
		,
		m_date)
		VALUES( #{m_id}
		, #{m_pw}
		, #{m_user}
		, #{m_email}
		, now())
	</select>
	<!-- 아이디 중복체크 -->
	<select id="idchk" resultType="int">
		SELECT COUNT(*) FROM member
		WHERE
		m_id = #{m_id}
	</select>
	<!-- 닉네임 중복체크 -->
	<select id="userchk" resultType="int">
		SELECT COUNT(*) FROM member
		WHERE m_user = #{m_user}
	</select>
	<!-- 로그인 -->
	<select id="login"
		resultType="com.teamproject.spring.teamgg.vo.MemberVO">
		SELECT * FROM member
		WHERE
		m_id = #{m_id} and
		m_pw = #{m_pw}
	</select>
	<!-- 회원리스트 -->
	<select id="memberlist"
		resultType="com.teamproject.spring.teamgg.vo.MemberVO">
		SELECT m_id, m_user, m_role FROM member
	</select>
	<!-- 회원정보 -->
	<select id="memberdetail"
		resultType="com.teamproject.spring.teamgg.vo.MemberVO">
		SELECT * FROM member WHERE m_id=#{id}
	</select>
	<!-- 회원탈퇴 -->
	<delete id="memberdelete">
		DELETE FROM member WHERE m_id=#{id}
	</delete>
</mapper>	